At-Tab_wa-d-Dukk_at-Tab_wa-d-Dukk
Awangdu_Dahomey
Bheri_Bakhri_Bheri_Bakri
Chong_Sakhalin_Chong_Sakhalin
Chukaray_Chane
Deleb_Deleb
Issiren_Issiren
Kioz_Kioz
Sahkku_Sahkku
Sig_El_Oued_Capture_Sig_El_Oued_Capture
Sig_Mauritania_Sig_Mauritania
Sig_Mzab_Sig_Mzab
Sig_Tozeur_Sig_Tozeur
Sig_Western_Sahara_Sig_Western_Sahara
Sijat_El_Taba_Sijat_El_Taba
Siryu_War_Siryu_War
Tab_Tab
Tablan_Tablan