Hat_Diviyan_Keliya_Sri_Lanka
Merimueng-rimueng-do_Merinueng-rimueng-do
Demala_Diviyan_Keliya_Sri_Lanka
Kaooa_Central_India
Sher_Bakr_Sher-Bakr
Lam_Turki_Lam_Turki
Pentalpha_Pentalpha
Nao_Gutiya_Baithaneka_Nao_Gutiya_Baithaneka
Mysore_Tiger_Game_Mysore_Tiger_Game
Mysore_Tiger_Game_Three_Tigers_Mysore_Tiger_Game_Three_Tigers
Huli-Mane_Ata_Huli-Mane_Ata
Pulijudamu_Pulijudamu
Jiu_Zi_Xian_Qi_Jiu_Zi_Xian_Qi