Seega_Khamsawee
Seega_Sebawee
Seega_Tisawee
Queah_Game_Queah
Shantarad_Shantarad
Tre_Guti_Tre_Guti
Toki_Toki
Laram_Wali_Laram_Wali
Yote_Yote
Gala_Gala
Len_Cua_Kin_Ngoa_Len_Cua_Kin_Ngoa
Buudal_Buudal
Choko_Choko
Gala_Buginese_Gala_Buginese
Kharebga_5x5_Kharebga_5x5
Kharebga_7x7_Kharebga_7x7
Tides_Tides
Khamousiyya_Khamousiyya
Sabouiyya_Sabouiyya
Mraha_wa_Bwe_Mraha_wa_Bwe